Library ID,species,taxonomy,coverage
CPo-JS-I5,Cavia porcellus,Adenoviridae,0.168038447
OC-HeB-I1,Oryctolagus cuniculus,Adenoviridae,0.171742958
NP-HLJ-L6,Nyctereutes procyonoides,Anelloviridae,0.827102804
NP-SD-L3,Nyctereutes procyonoides,Anelloviridae,0.852264558
SV-HeB-I2,Sciurus vulgaris,Arteriviridae,0.81379841
SV-HeB-I3,Sciurus vulgaris,Arteriviridae,0.848102077
SV-HeB-I4,Sciurus vulgaris,Arteriviridae,0.347717363
SV-HeB-L1,Sciurus vulgaris,Arteriviridae,0.463067453
SV-SaX-I2,Sciurus vulgaris,Arteriviridae,0.621826109
CN-AH-I1,Cervus nippon,Astroviridae,0.801684533
CN-AH-I1,Cervus nippon,Astroviridae,0.955130168
CPo-FJ-I1,Cavia porcellus,Astroviridae,0.949538462
CPo-FJ-I1,Cavia porcellus,Astroviridae,0.626416805
CPo-FJ-I2,Cavia porcellus,Astroviridae,0.558
CPo-FJ-I2,Cavia porcellus,Astroviridae,1.004684903
CPo-FJ-I2,Cavia porcellus,Astroviridae,1.013384615
CPo-FJ-L1,Cavia porcellus,Astroviridae,0.921538462
CPo-GX-I14,Cavia porcellus,Astroviridae,0.553423001
CPo-GX-I14,Cavia porcellus,Astroviridae,0.641384615
CPo-GX-I2,Cavia porcellus,Astroviridae,0.218225782
CPo-GX-I6,Cavia porcellus,Astroviridae,0.840562188
CPo-GX-I6,Cavia porcellus,Astroviridae,1.014153846
CPo-GZ-I3,Cavia porcellus,Astroviridae,0.977076923
CPo-GZ-I3,Cavia porcellus,Astroviridae,1.009974309
CPo-GZ-I5,Cavia porcellus,Astroviridae,0.666011788
CPo-GZ-I5,Cavia porcellus,Astroviridae,1.013692308
CPo-GZ-L3,Cavia porcellus,Astroviridae,1.015076923
CPo-GZ-L9,Cavia porcellus,Astroviridae,1.045538462
CPo-HeN-I2,Cavia porcellus,Astroviridae,1.015230769
CPo-HeN-I2,Cavia porcellus,Astroviridae,0.350309808
CPo-HeN-I2,Cavia porcellus,Astroviridae,1.005692308
CPo-HuB-I1,Cavia porcellus,Astroviridae,0.986615385
CPo-HuB-I10,Cavia porcellus,Astroviridae,1.014769231
CPo-HuB-I10,Cavia porcellus,Astroviridae,0.60858395
CPo-HuB-I10,Cavia porcellus,Astroviridae,0.375230769
CPo-HuB-I12,Cavia porcellus,Astroviridae,0.250461538
CPo-HuB-I12,Cavia porcellus,Astroviridae,0.681275502
CPo-HuB-I12,Cavia porcellus,Astroviridae,0.717538462
CPo-HuB-I13,Cavia porcellus,Astroviridae,0.222
CPo-HuB-I13,Cavia porcellus,Astroviridae,0.154601783
CPo-HuB-I13,Cavia porcellus,Astroviridae,0.631846154
CPo-HuB-I14,Cavia porcellus,Astroviridae,0.163971588
CPo-HuB-I15,Cavia porcellus,Astroviridae,1.011787819
CPo-HuB-I3,Cavia porcellus,Astroviridae,0.767115007
CPo-HuB-I7,Cavia porcellus,Astroviridae,1.015230769
CPo-HuB-I7,Cavia porcellus,Astroviridae,0.40169261
CPo-HuB-I7,Cavia porcellus,Astroviridae,0.278923077
CPo-HuN-I8,Cavia porcellus,Astroviridae,0.900769231
CPo-HuN-I8,Cavia porcellus,Astroviridae,1.014153846
CPo-JS-I1,Cavia porcellus,Astroviridae,1.015230769
CPo-JS-I1,Cavia porcellus,Astroviridae,1.014
CPo-JS-I3,Cavia porcellus,Astroviridae,1.013538462
CPo-JS-I4,Cavia porcellus,Astroviridae,1.015230769
CPo-JS-I4,Cavia porcellus,Astroviridae,1.014
CPo-JS-I5,Cavia porcellus,Astroviridae,1.01027656
CPo-JS-I5,Cavia porcellus,Astroviridae,1.014153846
CPo-JX-I4,Cavia porcellus,Astroviridae,0.993230769
CPo-ZJ-I2,Cavia porcellus,Astroviridae,0.781076923
CPo-ZJ-I2,Cavia porcellus,Astroviridae,1.009974309
CPy-HeB-I1,Capreolus pygargus,Astroviridae,0.936294028
CPy-HeB-I1,Capreolus pygargus,Astroviridae,0.803062787
CPy-JL-I1,Capreolus pygargus,Astroviridae,0.956049005
CPy-JL-I2,Capreolus pygargus,Astroviridae,0.896477795
CPy-JL-I6,Capreolus pygargus,Astroviridae,0.950535988
CPy-JL-I9,Capreolus pygargus,Astroviridae,0.502143951
CPy-JL-L1,Capreolus pygargus,Astroviridae,0.963705972
HI-JL-I1,Hydropotes inermis,Astroviridae,0.574732006
HI-JL-I1,Hydropotes inermis,Astroviridae,0.64992343
MC-GX-I4,Myocastor coypus,Astroviridae,0.99049954
MC-HeB-I3,Myocastor coypus,Astroviridae,0.974252014
MC-HeB-I3,Myocastor coypus,Astroviridae,0.352589641
MH-SD-I8,Marmota himalayana,Astroviridae,0.681317044
MH-ZJ-I1,Marmota himalayana,Astroviridae,0.98897497
NP-IMG-I3,Nyctereutes procyonoides,Astroviridae,0.991083573
NP-IMG-I5,Nyctereutes procyonoides,Astroviridae,0.982922775
NP-JS-I6,Nyctereutes procyonoides,Astroviridae,1.004186047
NP-SD-I2,Nyctereutes procyonoides,Astroviridae,1.019248257
NP-SD-L2,Nyctereutes procyonoides,Astroviridae,1.019248257
NV-SD-I12,Neogale vison,Astroviridae,1.024704456
NV-SD-I20,Neogale vison,Astroviridae,0.96096823
NV-SD-I24,Neogale vison,Astroviridae,0.898514487
NV-SD-I28,Neogale vison,Astroviridae,0.975340393
OC-FJ-I3,Oryctolagus cuniculus,Astroviridae,0.994288046
OC-FJ-L3,Oryctolagus cuniculus,Astroviridae,0.788929689
OC-HeB-I2,Oryctolagus cuniculus,Astroviridae,0.994560044
OC-HeB-I3,Oryctolagus cuniculus,Astroviridae,0.89256086
OC-HeB-I6,Oryctolagus cuniculus,Astroviridae,0.987352101
OC-HeB-L2,Oryctolagus cuniculus,Astroviridae,0.534475724
OC-HeB-L3,Oryctolagus cuniculus,Astroviridae,0.98871209
OC-JS-I7,Oryctolagus cuniculus,Astroviridae,0.948592411
OC-JS-I8,Oryctolagus cuniculus,Astroviridae,0.994288046
OC-JS-I9,Oryctolagus cuniculus,Astroviridae,0.775873793
OC-SC-I3,Oryctolagus cuniculus,Astroviridae,0.994560044
OC-SC-L3,Oryctolagus cuniculus,Astroviridae,0.994560044
OC-SD-I1,Oryctolagus cuniculus,Astroviridae,0.80252958
OC-SD-I14,Oryctolagus cuniculus,Astroviridae,0.994288046
OC-SD-I16,Oryctolagus cuniculus,Astroviridae,0.990208078
OC-SD-I21,Oryctolagus cuniculus,Astroviridae,0.994696042
OC-SD-I22,Oryctolagus cuniculus,Astroviridae,0.994696042
OC-SD-I23,Oryctolagus cuniculus,Astroviridae,0.992112063
OC-SD-L16,Oryctolagus cuniculus,Astroviridae,0.99374405
SV-GS-I2,Sciurus vulgaris,Astroviridae,0.959565652
SV-HuN-I3,Sciurus vulgaris,Astroviridae,0.989220819
SV-SaX-I2,Sciurus vulgaris,Astroviridae,0.770395771
SV-SaX-I3,Sciurus vulgaris,Astroviridae,0.959565652
SV-ZJ-L1,Sciurus vulgaris,Astroviridae,0.995534339
VL-HeB-I4,Vulpes lagopus,Astroviridae,0.995466223
VL-IMG-I5,Vulpes lagopus,Astroviridae,0.978023644
VL-IMG-I6,Vulpes lagopus,Astroviridae,0.99151258
VL-SD-L5,Vulpes lagopus,Astroviridae,0.997279734
VL-SX-I1,Vulpes lagopus,Astroviridae,0.995163972
VL-SX-I3,Vulpes lagopus,Astroviridae,0.471051834
CPy-JL-I2,Capreolus pygargus,Caliciviridae,0.776591485
CPy-JL-I3,Capreolus pygargus,Caliciviridae,0.983096324
CPy-JL-I6,Capreolus pygargus,Caliciviridae,0.414140059
HI-ZJ-I1,Hydropotes inermis,Caliciviridae,0.595104608
MH-HuN-I5,Marmota himalayana,Caliciviridae,0.377077516
ML-HeB-I1,Meles leucurus,Caliciviridae,0.577377401
ML-HeB-I6,Meles leucurus,Caliciviridae,0.557093426
ML-LN-L1,Meles leucurus,Caliciviridae,0.878534781
NP-JS-I1,Nyctereutes procyonoides,Caliciviridae,0.922439087
NP-JS-I1,Nyctereutes procyonoides,Caliciviridae,0.99384121
NV-HeB-I2,Neogale vison,Caliciviridae,0.572904707
NV-HeB-I3,Neogale vison,Caliciviridae,0.625489498
NV-HeB-I5,Neogale vison,Caliciviridae,0.424706301
NV-JL-I2,Neogale vison,Caliciviridae,0.992998695
NV-JL-I4,Neogale vison,Caliciviridae,0.451880859
NV-JL-I5,Neogale vison,Caliciviridae,0.404295716
NV-JL-I5,Neogale vison,Caliciviridae,0.424912845
NV-JL-I5,Neogale vison,Caliciviridae,0.960581707
NV-JS-I2,Neogale vison,Caliciviridae,1.087959238
NV-JS-I4,Neogale vison,Caliciviridae,0.497804675
NV-JS-I5,Neogale vison,Caliciviridae,0.99905067
NV-JS-I6,Neogale vison,Caliciviridae,0.082059533
NV-SD-I15,Neogale vison,Caliciviridae,1.003954586
NV-SD-I2,Neogale vison,Caliciviridae,0.272220244
NV-SD-I21,Neogale vison,Caliciviridae,0.195233731
NV-SD-I22,Neogale vison,Caliciviridae,0.518927258
NV-SD-I24,Neogale vison,Caliciviridae,0.719227675
NV-SD-I29,Neogale vison,Caliciviridae,0.185036203
NV-SD-I36,Neogale vison,Caliciviridae,0.749733001
OC-AH-I1,Oryctolagus cuniculus,Caliciviridae,0.989653319
OC-AH-I2,Oryctolagus cuniculus,Caliciviridae,0.990190809
OC-AH-I3,Oryctolagus cuniculus,Caliciviridae,0.975275464
OC-AH-L1,Oryctolagus cuniculus,Caliciviridae,0.989653319
OC-AH-L2,Oryctolagus cuniculus,Caliciviridae,0.990190809
OC-AH-L3,Oryctolagus cuniculus,Caliciviridae,0.989653319
OC-JS-I7,Oryctolagus cuniculus,Caliciviridae,0.987368987
OC-JS-I8,Oryctolagus cuniculus,Caliciviridae,0.983875302
OC-JS-I9,Oryctolagus cuniculus,Caliciviridae,0.987368987
OC-JS-L7,Oryctolagus cuniculus,Caliciviridae,0.63813491
OC-SC-I1,Oryctolagus cuniculus,Caliciviridae,0.757054555
VL-HLJ-I3,Vulpes lagopus,Caliciviridae,0.453776577
VL-JL-I2,Vulpes lagopus,Caliciviridae,0.252838372
VL-SD-L5,Vulpes lagopus,Caliciviridae,0.946676872
CPo-HuB-I3,Cavia porcellus,Circoviridae,1.677480916
CPy-JL-L3,Capreolus pygargus,Circoviridae,0.908418658
HI-JL-I1,Hydropotes inermis,Circoviridae,0.823347107
MH-ZJ-I1,Marmota himalayana,Circoviridae,0.798799859
NP-HLJ-L6,Nyctereutes procyonoides,Circoviridae,1.006786234
NV-HeB-I1,Neogale vison,Circoviridae,1.080433542
NV-HeB-L1,Neogale vison,Circoviridae,0.719908728
NV-SD-I17,Neogale vison,Circoviridae,1.003993155
NV-SD-L17,Neogale vison,Circoviridae,1.025099829
NV-SD-L3,Neogale vison,Circoviridae,0.890473474
NV-SD-L4,Neogale vison,Circoviridae,0.932686823
OC-SD-I14,Oryctolagus cuniculus,Circoviridae,1.092191436
OC-SD-I3,Oryctolagus cuniculus,Circoviridae,0.970086591
VVi-TJ-I1,Vicugna vicugna,Circoviridae,0.394571013
VVi-TJ-L1,Vicugna vicugna,Circoviridae,0.625787688
CPo-GX-I11,Cavia porcellus,Coronaviridae,0.998745981
CPo-GX-I13,Cavia porcellus,Coronaviridae,0.998745981
CPo-GX-I14,Cavia porcellus,Coronaviridae,0.996334405
CPo-GX-I3,Cavia porcellus,Coronaviridae,0.910032154
CPo-GX-I7,Cavia porcellus,Coronaviridae,0.998745981
CPo-GX-I8,Cavia porcellus,Coronaviridae,0.998745981
CPo-GX-I9,Cavia porcellus,Coronaviridae,0.998745981
CPo-HeN-I2,Cavia porcellus,Coronaviridae,0.998617363
CPo-JS-I1,Cavia porcellus,Coronaviridae,0.998745981
CPo-JS-I2,Cavia porcellus,Coronaviridae,0.998745981
CPo-JS-L1,Cavia porcellus,Coronaviridae,0.177170418
CPo-JS-L2,Cavia porcellus,Coronaviridae,0.943601286
CPo-JX-I4,Cavia porcellus,Coronaviridae,0.998745981
CPo-ZJ-I5,Cavia porcellus,Coronaviridae,0.998745981
MC-GX-I1,Myocastor coypus,Coronaviridae,0.994175814
MC-GX-I2,Myocastor coypus,Coronaviridae,0.997535921
MC-GX-I3,Myocastor coypus,Coronaviridae,0.997535921
MC-GX-L1,Myocastor coypus,Coronaviridae,0.991359724
MC-GX-L3,Myocastor coypus,Coronaviridae,0.997535921
NP-HeB-I10,Nyctereutes procyonoides,Coronaviridae,0.9666837
NP-HeB-I11,Nyctereutes procyonoides,Coronaviridae,0.946516777
NP-HeN-I1,Nyctereutes procyonoides,Coronaviridae,0.995946176
NP-HeN-I2,Nyctereutes procyonoides,Coronaviridae,0.997172543
NP-HeN-I3,Nyctereutes procyonoides,Coronaviridae,0.998943962
NP-HeN-I4,Nyctereutes procyonoides,Coronaviridae,0.843297564
NP-HeN-I7,Nyctereutes procyonoides,Coronaviridae,0.996831886
NP-HeN-I8,Nyctereutes procyonoides,Coronaviridae,0.997819792
NP-HeN-I9,Nyctereutes procyonoides,Coronaviridae,0.984159428
NP-HeN-L1,Nyctereutes procyonoides,Coronaviridae,0.321444388
NP-HeN-L2,Nyctereutes procyonoides,Coronaviridae,0.995946176
NP-HeN-L8,Nyctereutes procyonoides,Coronaviridae,0.990495657
NP-HLJ-I7,Nyctereutes procyonoides,Coronaviridae,0.405552717
NP-HLJ-L6,Nyctereutes procyonoides,Coronaviridae,0.42939874
NP-IMG-I3,Nyctereutes procyonoides,Coronaviridae,0.867245784
NP-LN-I1,Nyctereutes procyonoides,Coronaviridae,1.001498893
NP-LN-I2,Nyctereutes procyonoides,Coronaviridae,0.867995231
NP-LN-I3,Nyctereutes procyonoides,Coronaviridae,0.998807699
NP-LN-I5,Nyctereutes procyonoides,Coronaviridae,0.997921989
NP-LN-L2,Nyctereutes procyonoides,Coronaviridae,0.99727474
NP-LN-L4,Nyctereutes procyonoides,Coronaviridae,0.520432654
NP-SD-I1,Nyctereutes procyonoides,Coronaviridae,1.016998808
NP-SD-I2,Nyctereutes procyonoides,Coronaviridae,0.99519673
NP-SD-I3,Nyctereutes procyonoides,Coronaviridae,0.999727474
NP-SD-L1,Nyctereutes procyonoides,Coronaviridae,1.017169136
NP-SD-L2,Nyctereutes procyonoides,Coronaviridae,0.996661557
NV-JL-I1,Neogale vison,Coronaviridae,0.996441035
NV-JL-I4,Neogale vison,Coronaviridae,0.713036868
NV-JL-I5,Neogale vison,Coronaviridae,0.996648354
NV-JS-I2,Neogale vison,Coronaviridae,0.998168688
NV-JS-I5,Neogale vison,Coronaviridae,0.669741889
NV-JS-I6,Neogale vison,Coronaviridae,0.416295221
NV-JS-I8,Neogale vison,Coronaviridae,0.999412598
NV-SD-I15,Neogale vison,Coronaviridae,1.012957396
NV-SD-I16,Neogale vison,Coronaviridae,0.78507999
NV-SD-I2,Neogale vison,Coronaviridae,0.949314349
NV-SD-I20,Neogale vison,Coronaviridae,0.561487164
NV-SD-I24,Neogale vison,Coronaviridae,0.43844373
NV-SD-I27,Neogale vison,Coronaviridae,0.996959331
NV-SD-I28,Neogale vison,Coronaviridae,0.946166338
NV-SD-I29,Neogale vison,Coronaviridae,0.996959331
NV-SD-I32,Neogale vison,Coronaviridae,0.288310701
NV-SD-I33,Neogale vison,Coronaviridae,0.951694827
NV-SD-I36,Neogale vison,Coronaviridae,0.987664559
NV-SD-I6,Neogale vison,Coronaviridae,0.997270309
NV-SD-L1,Neogale vison,Coronaviridae,0.996161669
NV-SD-L2,Neogale vison,Coronaviridae,0.99327472
OC-HeB-I2,Oryctolagus cuniculus,Coronaviridae,0.99022508
OC-HeB-I3,Oryctolagus cuniculus,Coronaviridae,0.99022508
OC-HeB-L2,Oryctolagus cuniculus,Coronaviridae,0.180643087
OC-JS-I1,Oryctolagus cuniculus,Coronaviridae,0.998199357
OC-JS-I5,Oryctolagus cuniculus,Coronaviridae,0.911535718
OC-JS-I7,Oryctolagus cuniculus,Coronaviridae,0.998745981
OC-JS-I7,Oryctolagus cuniculus,Coronaviridae,0.935574925
OC-JS-I8,Oryctolagus cuniculus,Coronaviridae,0.998745981
OC-JS-I8,Oryctolagus cuniculus,Coronaviridae,0.785322125
OC-JS-I9,Oryctolagus cuniculus,Coronaviridae,0.993858521
OC-JS-L4,Oryctolagus cuniculus,Coronaviridae,0.570923416
OC-JS-L5,Oryctolagus cuniculus,Coronaviridae,0.938738795
OC-JS-L7,Oryctolagus cuniculus,Coronaviridae,0.820900152
OC-SD-I22,Oryctolagus cuniculus,Coronaviridae,0.998199357
OC-SD-I23,Oryctolagus cuniculus,Coronaviridae,0.940868167
VVu-HLJ-I1,Vulpes vulpes,Coronaviridae,0.213421904
NP-HeN-I5,Nyctereutes procyonoides,Dicistroviridae,0.499775281
NP-HLJ-I3,Nyctereutes procyonoides,Dicistroviridae,0.326966292
NP-HLJ-I4,Nyctereutes procyonoides,Dicistroviridae,0.983483146
NP-HLJ-I5,Nyctereutes procyonoides,Dicistroviridae,0.982696629
NP-JS-I1,Nyctereutes procyonoides,Dicistroviridae,0.985842697
VL-HeB-I5,Vulpes lagopus,Dicistroviridae,0.972808989
VL-LN-I1,Vulpes lagopus,Dicistroviridae,0.329213483
VL-SD-I1,Vulpes lagopus,Dicistroviridae,0.791573034
VL-SX-I5,Vulpes lagopus,Dicistroviridae,0.971910112
VVu-HLJ-I1,Vulpes vulpes,Dicistroviridae,0.39011236
CLa-GX-I1,Chinchilla lanigera,Flaviviridae,0.401893364
CLa-GX-L1,Chinchilla lanigera,Flaviviridae,0.928552291
CLa-HeN-I1,Chinchilla lanigera,Flaviviridae,1.025899795
CLa-HeN-I2,Chinchilla lanigera,Flaviviridae,0.608287934
CLa-HeN-I3,Chinchilla lanigera,Flaviviridae,0.579530231
CLa-HeN-L1,Chinchilla lanigera,Flaviviridae,0.297051171
CLa-HeN-L1,Chinchilla lanigera,Flaviviridae,1.05162097
CLa-HLJ-I1,Chinchilla lanigera,Flaviviridae,0.778512101
CLa-HLJ-I2,Chinchilla lanigera,Flaviviridae,0.856836653
CLa-HLJ-L2,Chinchilla lanigera,Flaviviridae,1.052335447
CLa-SC-I1,Chinchilla lanigera,Flaviviridae,0.829061356
CLa-SC-I2,Chinchilla lanigera,Flaviviridae,1.083057962
CLa-SD-I1,Chinchilla lanigera,Flaviviridae,0.940430472
CLa-SD-I2,Chinchilla lanigera,Flaviviridae,0.928195052
CLa-SD-I3,Chinchilla lanigera,Flaviviridae,0.664017147
CLa-SD-L1,Chinchilla lanigera,Flaviviridae,0.863508239
CLa-SD-L1,Chinchilla lanigera,Flaviviridae,1.052871305
CPo-GX-I12,Cavia porcellus,Flaviviridae,0.98924634
HI-ZJ-L2,Hydropotes inermis,Flaviviridae,0.991399904
SV-HeB-I2,Sciurus vulgaris,Flaviviridae,0.778977544
SV-HeB-I3,Sciurus vulgaris,Flaviviridae,0.991877688
SV-HeB-I4,Sciurus vulgaris,Flaviviridae,0.652938366
SV-HeB-I5,Sciurus vulgaris,Flaviviridae,0.43784042
SV-HuN-I3,Sciurus vulgaris,Flaviviridae,0.991495461
SV-SaX-I1,Sciurus vulgaris,Flaviviridae,0.24491161
SV-SaX-I2,Sciurus vulgaris,Flaviviridae,0.728332537
NP-IMG-I3,Nyctereutes procyonoides,Hepeviridae,0.971103807
NP-IMG-I5,Nyctereutes procyonoides,Hepeviridae,0.311147631
NP-JS-I1,Nyctereutes procyonoides,Hepeviridae,0.9887702
NV-JL-I2,Neogale vison,Hepeviridae,0.693463256
NV-JS-I7,Neogale vison,Hepeviridae,0.998707825
NV-JS-I8,Neogale vison,Hepeviridae,0.135104092
NV-SD-I22,Neogale vison,Hepeviridae,0.451687006
NV-SD-L34,Neogale vison,Hepeviridae,1.00143575
OC-HeN-I10,Oryctolagus cuniculus,Hepeviridae,0.860586141
OC-SD-I21,Oryctolagus cuniculus,Hepeviridae,0.895781978
OZ-JS-I7,Ondatra zibethicus,Hepeviridae,0.729090663
CPo-HuN-L7,Cavia porcellus,Orthomyxoviridae,1.004863961
NV-SD-L3,Neogale vison,Orthomyxoviridae,0.979024168
NV-SD-L4,Neogale vison,Orthomyxoviridae,0.980620155
OZ-HLJ-L1,Ondatra zibethicus,Orthomyxoviridae,0.993540052
ACo-HeB-I1,Arctonyx collaris,Paramyxoviridae,0.991841938
ACo-HeB-L1,Arctonyx collaris,Paramyxoviridae,0.994455067
ML-HeB-I1,Meles leucurus,Paramyxoviridae,0.989929892
ML-HeB-I4,Meles leucurus,Paramyxoviridae,0.999107712
ML-HeB-I5,Meles leucurus,Paramyxoviridae,0.992543021
ML-HeB-I6,Meles leucurus,Paramyxoviridae,1.283173996
MMo-JS-L1,Melogale moschata,Paramyxoviridae,0.986424474
MMo-JS-L4,Melogale moschata,Paramyxoviridae,0.973741236
MS-HeB-I3,Mustela sibirica,Paramyxoviridae,1.053091141
MS-JS-I2,Mustela sibirica,Paramyxoviridae,0.986424474
MS-JS-I3,Mustela sibirica,Paramyxoviridae,0.870299554
MS-JS-I7,Mustela sibirica,Paramyxoviridae,0.986424474
MS-JS-L2,Mustela sibirica,Paramyxoviridae,0.986424474
NP-HeN-I2,Nyctereutes procyonoides,Paramyxoviridae,0.998661568
NP-HeN-I3,Nyctereutes procyonoides,Paramyxoviridae,0.932313576
NP-HeN-I7,Nyctereutes procyonoides,Paramyxoviridae,0.992989165
NP-HeN-I8,Nyctereutes procyonoides,Paramyxoviridae,0.99789675
NP-HeN-I9,Nyctereutes procyonoides,Paramyxoviridae,0.994646272
NP-HeN-L1,Nyctereutes procyonoides,Paramyxoviridae,0.997960484
NP-HeN-L2,Nyctereutes procyonoides,Paramyxoviridae,0.998789038
NP-HeN-L3,Nyctereutes procyonoides,Paramyxoviridae,0.997004461
NP-HeN-L7,Nyctereutes procyonoides,Paramyxoviridae,0.998406628
NP-HeN-L8,Nyctereutes procyonoides,Paramyxoviridae,0.998470363
NV-SD-I18,Neogale vison,Paramyxoviridae,0.457425112
SV-SaX-I2,Sciurus vulgaris,Paramyxoviridae,0.027408379
SV-SaX-I3,Sciurus vulgaris,Paramyxoviridae,0.042704626
SV-ZJ-L1,Sciurus vulgaris,Paramyxoviridae,0.335117057
VL-LN-I1,Vulpes lagopus,Paramyxoviridae,0.868323773
CN-AH-L1,Cervus nippon,Parvoviridae,0.95250953
CPo-HeN-I3,Cavia porcellus,Parvoviridae,1.03876158
CPo-JS-I3,Cavia porcellus,Parvoviridae,0.951214846
CPo-JS-I5,Cavia porcellus,Parvoviridae,0.955939881
MH-HuN-L1,Marmota himalayana,Parvoviridae,0.562580408
MH-SD-I6,Marmota himalayana,Parvoviridae,0.888990994
ML-HeB-I4,Meles leucurus,Parvoviridae,0.856659778
ML-HeB-L3,Meles leucurus,Parvoviridae,0.363118258
MS-JS-I4,Mustela sibirica,Parvoviridae,0.455230741
NP-HeB-I10,Nyctereutes procyonoides,Parvoviridae,0.900162338
NP-HeB-I2,Nyctereutes procyonoides,Parvoviridae,0.947037338
NP-HeB-I3,Nyctereutes procyonoides,Parvoviridae,0.936282468
NP-HeB-I5,Nyctereutes procyonoides,Parvoviridae,0.919034091
NP-HeB-I8,Nyctereutes procyonoides,Parvoviridae,0.934659091
NP-HeB-L2,Nyctereutes procyonoides,Parvoviridae,0.946631494
NP-HeB-L3,Nyctereutes procyonoides,Parvoviridae,0.934862013
NP-HeN-I1,Nyctereutes procyonoides,Parvoviridae,0.946834416
NP-HeN-I3,Nyctereutes procyonoides,Parvoviridae,0.653003247
NP-HeN-I8,Nyctereutes procyonoides,Parvoviridae,0.827313312
NP-HeN-L1,Nyctereutes procyonoides,Parvoviridae,0.938311688
NP-HeN-L2,Nyctereutes procyonoides,Parvoviridae,0.916801948
NP-HeN-L3,Nyctereutes procyonoides,Parvoviridae,0.915178571
NP-HeN-L8,Nyctereutes procyonoides,Parvoviridae,0.9375
NP-HLJ-I4,Nyctereutes procyonoides,Parvoviridae,0.909293831
NP-HLJ-I5,Nyctereutes procyonoides,Parvoviridae,0.947037338
NP-HLJ-I8,Nyctereutes procyonoides,Parvoviridae,0.913758117
NP-HLJ-L2,Nyctereutes procyonoides,Parvoviridae,0.728287338
NP-HLJ-L3,Nyctereutes procyonoides,Parvoviridae,0.917207792
NP-IMG-I2,Nyctereutes procyonoides,Parvoviridae,0.929788961
NP-IMG-I3,Nyctereutes procyonoides,Parvoviridae,0.841112013
NP-IMG-I4,Nyctereutes procyonoides,Parvoviridae,0.838676948
NP-IMG-I5,Nyctereutes procyonoides,Parvoviridae,0.946631494
NP-IMG-L1,Nyctereutes procyonoides,Parvoviridae,0.928977273
NP-JS-I1,Nyctereutes procyonoides,Parvoviridae,0.94237013
NP-JS-I6,Nyctereutes procyonoides,Parvoviridae,0.913149351
NP-JS-L2,Nyctereutes procyonoides,Parvoviridae,0.742491883
NP-LN-I2,Nyctereutes procyonoides,Parvoviridae,0.916801948
NP-LN-I3,Nyctereutes procyonoides,Parvoviridae,0.935064935
NP-LN-I5,Nyctereutes procyonoides,Parvoviridae,0.892654221
NP-LN-I9,Nyctereutes procyonoides,Parvoviridae,0.93262987
NP-LN-L1,Nyctereutes procyonoides,Parvoviridae,0.945211039
NP-LN-L2,Nyctereutes procyonoides,Parvoviridae,0.948863636
NP-LN-L3,Nyctereutes procyonoides,Parvoviridae,0.947037338
NP-LN-L5,Nyctereutes procyonoides,Parvoviridae,0.948863636
NP-LN-L8,Nyctereutes procyonoides,Parvoviridae,0.913555195
NP-SD-I2,Nyctereutes procyonoides,Parvoviridae,0.859983766
NP-SD-L2,Nyctereutes procyonoides,Parvoviridae,0.932832792
NP-SD-L3,Nyctereutes procyonoides,Parvoviridae,0.885551948
NP-SD-L3,Nyctereutes procyonoides,Parvoviridae,0.258312981
NV-HeB-I2,Neogale vison,Parvoviridae,0.841699646
NV-HeB-I3,Neogale vison,Parvoviridae,0.960216622
NV-HeB-I4,Neogale vison,Parvoviridae,0.876900646
NV-HeB-I5,Neogale vison,Parvoviridae,0.986877734
NV-HeB-I6,Neogale vison,Parvoviridae,0.855238492
NV-HeB-L1,Neogale vison,Parvoviridae,0.679441783
NV-HeB-L2,Neogale vison,Parvoviridae,0.987294314
NV-HeB-L3,Neogale vison,Parvoviridae,0.983128515
NV-HeB-L4,Neogale vison,Parvoviridae,1.008539888
NV-HeB-L5,Neogale vison,Parvoviridae,0.979379296
NV-HeB-L6,Neogale vison,Parvoviridae,1.021662154
NV-JL-I2,Neogale vison,Parvoviridae,0.960424911
NV-JS-I1,Neogale vison,Parvoviridae,0.885232243
NV-JS-I2,Neogale vison,Parvoviridae,0.973338888
NV-JS-I6,Neogale vison,Parvoviridae,1.062903562
NV-JS-I7,Neogale vison,Parvoviridae,0.685690481
NV-JS-L1,Neogale vison,Parvoviridae,1.038533639
NV-JS-L2,Neogale vison,Parvoviridae,1.027285982
NV-JS-L6,Neogale vison,Parvoviridae,0.672984795
NV-SD-I10,Neogale vison,Parvoviridae,0.967298479
NV-SD-I13,Neogale vison,Parvoviridae,0.611747553
NV-SD-I15,Neogale vison,Parvoviridae,0.58550302
NV-SD-I16,Neogale vison,Parvoviridae,0.960841491
NV-SD-I17,Neogale vison,Parvoviridae,0.890647782
NV-SD-I18,Neogale vison,Parvoviridae,0.939179338
NV-SD-I19,Neogale vison,Parvoviridae,0.884607373
NV-SD-I2,Neogale vison,Parvoviridae,0.951468444
NV-SD-I20,Neogale vison,Parvoviridae,0.765048948
NV-SD-I21,Neogale vison,Parvoviridae,0.75942512
NV-SD-I22,Neogale vison,Parvoviridae,0.945011456
NV-SD-I25,Neogale vison,Parvoviridae,0.89627161
NV-SD-I26,Neogale vison,Parvoviridae,0.912518225
NV-SD-I27,Neogale vison,Parvoviridae,0.928139971
NV-SD-I28,Neogale vison,Parvoviridae,0.901062279
NV-SD-I36,Neogale vison,Parvoviridae,0.540964778
NV-SD-I7,Neogale vison,Parvoviridae,0.958133722
NV-SD-L10,Neogale vison,Parvoviridae,1.008748177
NV-SD-L11,Neogale vison,Parvoviridae,0.829410539
NV-SD-L13,Neogale vison,Parvoviridae,1.00145803
NV-SD-L14,Neogale vison,Parvoviridae,0.733805457
NV-SD-L15,Neogale vison,Parvoviridae,0.962507811
NV-SD-L16,Neogale vison,Parvoviridae,0.978129556
NV-SD-L17,Neogale vison,Parvoviridae,0.963340971
NV-SD-L18,Neogale vison,Parvoviridae,0.946469486
NV-SD-L19,Neogale vison,Parvoviridae,0.951885024
NV-SD-L2,Neogale vison,Parvoviridae,0.846490315
NV-SD-L25,Neogale vison,Parvoviridae,0.900437409
NV-SD-L34,Neogale vison,Parvoviridae,0.998125391
NV-SD-L4,Neogale vison,Parvoviridae,0.938137888
NV-SD-L5,Neogale vison,Parvoviridae,0.982503645
NV-SD-L6,Neogale vison,Parvoviridae,0.973338888
NV-SD-L7,Neogale vison,Parvoviridae,0.939804207
OC-FJ-I1,Oryctolagus cuniculus,Parvoviridae,0.79252039
OC-FJ-L1,Oryctolagus cuniculus,Parvoviridae,0.666003581
SV-GS-I4,Sciurus vulgaris,Parvoviridae,0.616063224
SV-GS-I5,Sciurus vulgaris,Parvoviridae,0.94945782
SV-HuN-I2,Sciurus vulgaris,Parvoviridae,0.964528579
SV-HuN-I3,Sciurus vulgaris,Parvoviridae,0.960852784
SV-HuN-I5,Sciurus vulgaris,Parvoviridae,0.742510568
SV-SaX-I2,Sciurus vulgaris,Parvoviridae,0.997978313
MS-JS-L5,Mustela sibirica,Phenuiviridae,1.222840034
CLa-GX-I1,Chinchilla lanigera,Picornaviridae,1.016223469
CLa-GX-L1,Chinchilla lanigera,Picornaviridae,0.261039278
CLa-HeN-I3,Chinchilla lanigera,Picornaviridae,0.480361064
CLa-HLJ-I2,Chinchilla lanigera,Picornaviridae,0.969748719
CLa-HLJ-L2,Chinchilla lanigera,Picornaviridae,0.332154184
CLa-SD-I3,Chinchilla lanigera,Picornaviridae,0.64076604
CN-AH-I1,Cervus nippon,Picornaviridae,0.998555087
CN-AH-I1,Cervus nippon,Picornaviridae,1.033180469
CPo-FJ-I3,Cavia porcellus,Picornaviridae,0.527788047
CPo-GX-I1,Cavia porcellus,Picornaviridae,0.828263241
CPo-GX-I14,Cavia porcellus,Picornaviridae,0.940007272
CPo-GX-I14,Cavia porcellus,Picornaviridae,0.205298013
CPo-GX-I2,Cavia porcellus,Picornaviridae,0.64670949
CPo-GX-I4,Cavia porcellus,Picornaviridae,0.461519816
CPo-GX-I6,Cavia porcellus,Picornaviridae,0.218518967
CPo-GX-I6,Cavia porcellus,Picornaviridae,0.154775108
CPo-GZ-I4,Cavia porcellus,Picornaviridae,0.417801283
CPo-HeN-I2,Cavia porcellus,Picornaviridae,0.944491577
CPo-HuB-I10,Cavia porcellus,Picornaviridae,0.91649497
CPo-HuB-I10,Cavia porcellus,Picornaviridae,1.026001232
CPo-HuB-I12,Cavia porcellus,Picornaviridae,0.272209429
CPo-HuB-I12,Cavia porcellus,Picornaviridae,0.847443007
CPo-HuB-I12,Cavia porcellus,Picornaviridae,0.404929144
CPo-HuB-I12,Cavia porcellus,Picornaviridae,1.072577375
CPo-HuB-I14,Cavia porcellus,Picornaviridae,0.189485066
CPo-HuB-I3,Cavia porcellus,Picornaviridae,0.146888478
CPo-HuB-I7,Cavia porcellus,Picornaviridae,0.939401285
CPo-HuB-I7,Cavia porcellus,Picornaviridae,0.481330869
CPo-JS-I1,Cavia porcellus,Picornaviridae,0.408314144
CPo-JS-I1,Cavia porcellus,Picornaviridae,0.231053604
CPo-JS-I4,Cavia porcellus,Picornaviridae,0.975154527
CPo-JS-I4,Cavia porcellus,Picornaviridae,1.009981516
CPo-JS-I4,Cavia porcellus,Picornaviridae,1.083814622
CPo-JS-I5,Cavia porcellus,Picornaviridae,0.408192946
CPo-JS-I5,Cavia porcellus,Picornaviridae,1.010597659
CPo-JS-I5,Cavia porcellus,Picornaviridae,1.082546838
CPo-JX-I1,Cavia porcellus,Picornaviridae,0.391588898
CPo-ZJ-I2,Cavia porcellus,Picornaviridae,0.940007272
CPo-ZJ-I6,Cavia porcellus,Picornaviridae,0.940128469
CPo-ZJ-I6,Cavia porcellus,Picornaviridae,0.165698067
CPy-HeB-I1,Capreolus pygargus,Picornaviridae,0.971540329
CPy-JL-I2,Capreolus pygargus,Picornaviridae,0.902347983
CPy-JL-I3,Capreolus pygargus,Picornaviridae,0.990192127
CPy-JL-I3,Capreolus pygargus,Picornaviridae,0.996620251
CPy-JL-I3,Capreolus pygargus,Picornaviridae,0.99824039
CPy-JL-I6,Capreolus pygargus,Picornaviridae,1.080433474
CPy-JL-I6,Capreolus pygargus,Picornaviridae,0.124969901
HI-JL-I1,Hydropotes inermis,Picornaviridae,0.838892234
HI-JL-I1,Hydropotes inermis,Picornaviridae,0.728811318
HI-JL-I2,Hydropotes inermis,Picornaviridae,0.711860325
HI-ZJ-I2,Hydropotes inermis,Picornaviridae,0.982661048
MC-GX-I1,Myocastor coypus,Picornaviridae,0.69407497
MC-GX-I4,Myocastor coypus,Picornaviridae,0.991808216
MC-HeB-I3,Myocastor coypus,Picornaviridae,1.006852076
MC-HeB-I3,Myocastor coypus,Picornaviridae,0.993856162
MC-HeB-I3,Myocastor coypus,Picornaviridae,1.003113027
MC-HeB-I3,Myocastor coypus,Picornaviridae,0.805441055
MC-HeN-I2,Myocastor coypus,Picornaviridae,0.984218584
MH-HuN-I1,Marmota himalayana,Picornaviridae,0.989168227
MH-HuN-I2,Marmota himalayana,Picornaviridae,0.919096015
MH-HuN-I3,Marmota himalayana,Picornaviridae,0.566892308
MH-HuN-I4,Marmota himalayana,Picornaviridae,0.982481947
MH-HuN-I4,Marmota himalayana,Picornaviridae,0.433471395
MH-HuN-I5,Marmota himalayana,Picornaviridae,0.887536775
MH-SC-I1,Marmota himalayana,Picornaviridae,0.99879647
MH-SC-L1,Marmota himalayana,Picornaviridae,0.99879647
MH-SD-I1,Marmota himalayana,Picornaviridae,0.986236871
MH-SD-I3,Marmota himalayana,Picornaviridae,0.973077387
MH-SD-I5,Marmota himalayana,Picornaviridae,0.971382723
MH-SD-I7,Marmota himalayana,Picornaviridae,0.982914833
MH-ZJ-I1,Marmota himalayana,Picornaviridae,0.984889008
MH-ZJ-I1,Marmota himalayana,Picornaviridae,0.048049016
MH-ZJ-I1,Marmota himalayana,Picornaviridae,0.606784981
MH-ZJ-I1,Marmota himalayana,Picornaviridae,0.494175511
MH-ZJ-I2,Marmota himalayana,Picornaviridae,0.700454667
MH-ZJ-I2,Marmota himalayana,Picornaviridae,0.235945394
MH-ZJ-I2,Marmota himalayana,Picornaviridae,0.699585814
ML-HeB-I1,Meles leucurus,Picornaviridae,0.865864585
ML-HeB-I2,Meles leucurus,Picornaviridae,1.046333035
ML-HeB-I4,Meles leucurus,Picornaviridae,1.071291437
ML-HeB-I6,Meles leucurus,Picornaviridae,0.606937156
MMo-JS-I3,Melogale moschata,Picornaviridae,0.919067023
NP-HeN-I2,Nyctereutes procyonoides,Picornaviridae,0.137901655
NP-HeN-I7,Nyctereutes procyonoides,Picornaviridae,0.587755599
NP-HeN-I8,Nyctereutes procyonoides,Picornaviridae,0.991358325
NP-JS-I6,Nyctereutes procyonoides,Picornaviridae,0.99184518
NP-SD-I1,Nyctereutes procyonoides,Picornaviridae,1.001338851
NP-SD-I2,Nyctereutes procyonoides,Picornaviridae,1.003286271
NP-SD-L2,Nyctereutes procyonoides,Picornaviridae,1.003286271
NV-JL-I1,Neogale vison,Picornaviridae,0.242160502
NV-JL-I2,Neogale vison,Picornaviridae,1.028030206
NV-JL-I4,Neogale vison,Picornaviridae,0.970384524
NV-SD-I15,Neogale vison,Picornaviridae,1.032509919
NV-SD-I17,Neogale vison,Picornaviridae,0.921268306
NV-SD-I19,Neogale vison,Picornaviridae,0.977788393
NV-SD-I32,Neogale vison,Picornaviridae,0.245683555
OC-HuN-I2,Oryctolagus cuniculus,Picornaviridae,0.138200782
OC-HuN-I3,Oryctolagus cuniculus,Picornaviridae,0.152660898
OC-JS-I3,Oryctolagus cuniculus,Picornaviridae,0.458296193
OC-SC-I3,Oryctolagus cuniculus,Picornaviridae,0.200154859
OC-SD-I10,Oryctolagus cuniculus,Picornaviridae,0.800995615
OC-SD-I18,Oryctolagus cuniculus,Picornaviridae,0.969097813
OC-SD-I21,Oryctolagus cuniculus,Picornaviridae,0.91039469
SV-GS-I2,Sciurus vulgaris,Picornaviridae,0.969316969
SV-GS-I4,Sciurus vulgaris,Picornaviridae,1.061109753
SV-GS-I4,Sciurus vulgaris,Picornaviridae,0.941104957
SV-GS-I5,Sciurus vulgaris,Picornaviridae,0.900040524
SV-GS-L1,Sciurus vulgaris,Picornaviridae,0.998900024
SV-HeB-I3,Sciurus vulgaris,Picornaviridae,1.004644341
SV-HeB-I4,Sciurus vulgaris,Picornaviridae,0.823515033
SV-HeB-I5,Sciurus vulgaris,Picornaviridae,0.999511122
SV-HeB-L1,Sciurus vulgaris,Picornaviridae,0.932779272
SV-HuN-I2,Sciurus vulgaris,Picornaviridae,1.015032999
SV-HuN-I3,Sciurus vulgaris,Picornaviridae,1.024443901
SV-HuN-I4,Sciurus vulgaris,Picornaviridae,1.007699829
SV-SaX-I3,Sciurus vulgaris,Picornaviridae,0.953262191
SV-SaX-I3,Sciurus vulgaris,Picornaviridae,0.905282818
VL-HeB-I10,Vulpes lagopus,Picornaviridae,0.989654333
VL-HeB-L9,Vulpes lagopus,Picornaviridae,0.984055501
VL-IMG-I1,Vulpes lagopus,Picornaviridae,0.797346641
VL-IMG-I5,Vulpes lagopus,Picornaviridae,0.866576455
VL-IMG-I6,Vulpes lagopus,Picornaviridae,1.001582278
VL-JL-I1,Vulpes lagopus,Picornaviridae,0.991358325
VL-JL-I2,Vulpes lagopus,Picornaviridae,0.983933788
VL-LN-I6,Vulpes lagopus,Picornaviridae,0.719215156
VL-LN-I8,Vulpes lagopus,Picornaviridae,1.002799416
VL-LN-I8,Vulpes lagopus,Picornaviridae,0.983220568
VL-LN-L8,Vulpes lagopus,Picornaviridae,1.003042843
VL-SD-I2,Vulpes lagopus,Picornaviridae,1.00292113
VL-SD-I7,Vulpes lagopus,Picornaviridae,0.992453749
VL-SD-L5,Vulpes lagopus,Picornaviridae,1.003164557
VL-SX-I3,Vulpes lagopus,Picornaviridae,1.003286271
VL-SX-I5,Vulpes lagopus,Picornaviridae,1.002435724
CPo-HuN-L8,Cavia porcellus,Pneumoviridae,0.927443735
NP-SD-I3,Nyctereutes procyonoides,Pneumoviridae,0.735371179
ACo-HeB-I1,Arctonyx collaris,Sedoreoviridae,0.964658981
CN-FJ-Liver1,Cervus nippon,Sedoreoviridae,0.590077757
CPo-FJ-I3,Cavia porcellus,Sedoreoviridae,0.948496929
CPo-HuN-I8,Cavia porcellus,Sedoreoviridae,0.57332184
CPy-HeB-I1,Capreolus pygargus,Sedoreoviridae,0.899202672
CPy-JL-I3,Capreolus pygargus,Sedoreoviridae,0.964605107
CPy-JL-L3,Capreolus pygargus,Sedoreoviridae,0.849208059
HI-JL-I1,Hydropotes inermis,Sedoreoviridae,0.731548325
MC-GX-I1,Myocastor coypus,Sedoreoviridae,0.694160112
MC-GX-I3,Myocastor coypus,Sedoreoviridae,0.709837302
MC-GX-I4,Myocastor coypus,Sedoreoviridae,0.940415903
MC-GX-I5,Myocastor coypus,Sedoreoviridae,0.954476888
MC-GX-L5,Myocastor coypus,Sedoreoviridae,0.866016593
MH-HuN-I1,Marmota himalayana,Sedoreoviridae,0.569389074
MH-HuN-I3,Marmota himalayana,Sedoreoviridae,0.155640556
MH-HuN-I4,Marmota himalayana,Sedoreoviridae,0.848184463
MH-HuN-I5,Marmota himalayana,Sedoreoviridae,0.891768128
MH-HuN-L1,Marmota himalayana,Sedoreoviridae,0.193890745
MH-SC-I1,Marmota himalayana,Sedoreoviridae,0.345113673
MH-SD-I4,Marmota himalayana,Sedoreoviridae,0.82000862
MH-SD-I5,Marmota himalayana,Sedoreoviridae,0.821355457
MH-SD-I7,Marmota himalayana,Sedoreoviridae,0.855080272
MH-ZJ-I1,Marmota himalayana,Sedoreoviridae,0.394192436
MH-ZJ-I2,Marmota himalayana,Sedoreoviridae,0.949951514
MMo-GD-I5,Melogale moschata,Sedoreoviridae,0.792156018
MS-HeB-I2,Mustela sibirica,Sedoreoviridae,0.924146105
MS-HeB-I3,Mustela sibirica,Sedoreoviridae,0.269690766
NP-HeB-I1,Nyctereutes procyonoides,Sedoreoviridae,0.472455389
NP-HeB-I10,Nyctereutes procyonoides,Sedoreoviridae,0.984546112
NP-LN-I4,Nyctereutes procyonoides,Sedoreoviridae,0.987603535
NP-LN-I5,Nyctereutes procyonoides,Sedoreoviridae,0.639390739
NP-LN-L2,Nyctereutes procyonoides,Sedoreoviridae,0.479515259
NP-LN-L4,Nyctereutes procyonoides,Sedoreoviridae,0.533381511
NV-SD-I16,Neogale vison,Sedoreoviridae,0.50829652
NV-SD-I21,Neogale vison,Sedoreoviridae,0.113403728
OC-HeB-I1,Oryctolagus cuniculus,Sedoreoviridae,0.526667385
OC-HeB-I3,Oryctolagus cuniculus,Sedoreoviridae,0.930395432
OC-HeB-I4,Oryctolagus cuniculus,Sedoreoviridae,0.495313005
OC-HeB-L3,Oryctolagus cuniculus,Sedoreoviridae,0.727561685
OC-HeN-L3,Oryctolagus cuniculus,Sedoreoviridae,0.662051503
OC-HuN-I2,Oryctolagus cuniculus,Sedoreoviridae,0.293987717
OC-SC-I1,Oryctolagus cuniculus,Sedoreoviridae,0.779495744
OC-SC-I5,Oryctolagus cuniculus,Sedoreoviridae,0.982113996
OC-SD-I1,Oryctolagus cuniculus,Sedoreoviridae,0.968861114
OC-SD-I10,Oryctolagus cuniculus,Sedoreoviridae,0.60575369
OC-SD-I12,Oryctolagus cuniculus,Sedoreoviridae,0.224113781
OC-SD-I13,Oryctolagus cuniculus,Sedoreoviridae,0.805247279
OC-SD-I14,Oryctolagus cuniculus,Sedoreoviridae,0.600420213
OC-SD-I15,Oryctolagus cuniculus,Sedoreoviridae,1.027852602
OC-SD-I3,Oryctolagus cuniculus,Sedoreoviridae,0.962504041
OC-SD-I9,Oryctolagus cuniculus,Sedoreoviridae,0.917358043
OC-SD-L1,Oryctolagus cuniculus,Sedoreoviridae,0.853895054
OC-SD-L10,Oryctolagus cuniculus,Sedoreoviridae,0.472578386
SV-GS-I5,Sciurus vulgaris,Sedoreoviridae,0.81063463
SV-GS-L1,Sciurus vulgaris,Sedoreoviridae,0.792425385
SV-HuN-I3,Sciurus vulgaris,Sedoreoviridae,0.811496606
SV-HuN-I4,Sciurus vulgaris,Sedoreoviridae,0.307671587
SV-HuN-I5,Sciurus vulgaris,Sedoreoviridae,0.427163021
VL-IMG-I1,Vulpes lagopus,Sedoreoviridae,0.522357505
VL-IMG-I2,Vulpes lagopus,Sedoreoviridae,0.559961211
VL-IMG-I3,Vulpes lagopus,Sedoreoviridae,0.994181661
VL-IMG-L3,Vulpes lagopus,Sedoreoviridae,0.637539058
VL-LN-I10,Vulpes lagopus,Sedoreoviridae,0.796486742
VL-LN-I7,Vulpes lagopus,Sedoreoviridae,0.991995108
VL-LN-I9,Vulpes lagopus,Sedoreoviridae,1.015689559
VL-LN-L1,Vulpes lagopus,Sedoreoviridae,0.368502974
VL-SD-L5,Vulpes lagopus,Sedoreoviridae,0.293341235
VL-SD-L6,Vulpes lagopus,Sedoreoviridae,0.87856912
VL-SD-L6,Vulpes lagopus,Sedoreoviridae,0.761743129
VL-SD-L6,Vulpes lagopus,Sedoreoviridae,0.936094334
VL-SX-I5,Vulpes lagopus,Sedoreoviridae,0.368225407
VVi-TJ-I1,Vicugna vicugna,Sedoreoviridae,0.275455231
VVi-TJ-I1,Vicugna vicugna,Sedoreoviridae,0.015633724
CPo-HeN-I2,Cavia porcellus,Spinareoviridae,0.928115292
CPo-JS-I1,Cavia porcellus,Spinareoviridae,1.014152572
NP-HeN-I2,Nyctereutes procyonoides,Spinareoviridae,1.023947187
NP-HeN-I7,Nyctereutes procyonoides,Spinareoviridae,1.027226441
NP-HeN-I8,Nyctereutes procyonoides,Spinareoviridae,0.132076286
NV-SD-I17,Neogale vison,Spinareoviridae,0.99978426
SV-GS-I3,Sciurus vulgaris,Spinareoviridae,0.784130135
SV-GS-L1,Sciurus vulgaris,Spinareoviridae,0.465610977
SV-SaX-I2,Sciurus vulgaris,Spinareoviridae,0.698696928
CPy-HeB-I1,Capreolus pygargus,Tobaniviridae,0.394100088
NP-HLJ-I8,Nyctereutes procyonoides,Togaviridae,0.936535311
